id,DAYS_BIRTH,OCCUPATION_TYPE,CODE_GENDER,AMT_INCOME_TOTAL
191,-18926,Laborers,M,166500
915,-10435,Core staff,M,166500
970,-19120,Drivers,M,202500
684,-15153,Laborers,M,180000
519,-14718,Managers,F,450000
469,-20991,Laborers,M,267750
972,-19120,Drivers,M,202500
79,-17016,Core staff,F,247500
955,-21635,"",F,157500
699,-14374,Sales staff,F,45000
576,-13855,"",F,270000
748,-14689,Low-skill Laborers,M,117000
122,-15519,Laborers,F,297000
157,-16027,"",M,157500
880,-15435,"",F,382500
652,-13590,"",F,157500
879,-15435,"",F,382500
95,-15519,Laborers,F,297000
379,-14667,Managers,F,225000
89,-15519,Laborers,F,297000
751,-14689,Low-skill Laborers,M,117000
133,-15519,Laborers,F,297000
431,-15140,Cleaning staff,F,130500
857,-14118,Laborers,M,135000
165,-22319,"",F,112500
813,-9380,"",M,180000
895,-11813,Sales staff,F,202500
296,-15737,"",F,157500
225,-17641,Core staff,F,148500
432,-15140,Cleaning staff,F,130500
141,-15484,Drivers,M,135000
608,-12130,Cooking staff,F,135000
378,-14667,Managers,F,225000
553,-19304,Core staff,F,90000
37,-20502,Drivers,M,112500
404,-9957,Drivers,M,135000
409,-14562,Core staff,F,202500
527,-11042,Core staff,M,279000
886,-11813,Sales staff,F,202500
474,-16203,Managers,F,139500
103,-15519,Laborers,F,297000
267,-12628,Drivers,M,247500
180,-16582,Cleaning staff,F,270000
785,-21688,"",F,90000
931,-10276,Drivers,M,360000
447,-16099,Laborers,F,193500
882,-15435,"",F,382500
302,-21673,"",M,382500
574,-9489,"",F,90000
839,-13557,"",F,315000
153,-17785,Laborers,F,135000
186,-18926,Laborers,M,166500
833,-14657,Core staff,F,99000
937,-10276,Drivers,M,360000
517,-9430,Sales staff,M,135000
579,-14435,Drivers,M,81000
709,-17383,Core staff,F,144000
941,-14555,Managers,M,225000
258,-10064,Laborers,F,112500
279,-12859,Drivers,M,157500
962,-21635,"",F,157500
640,-12463,Laborers,M,180000
746,-8489,"",M,202500
657,-15527,Sales staff,F,202500
651,-13590,"",F,157500
801,-20863,"",F,139500
244,-10450,Sales staff,M,315000
968,-11131,Core staff,F,90000
332,-12915,Sales staff,F,157500
97,-15519,Laborers,F,297000
622,-11706,Drivers,M,270000
336,-12915,Sales staff,F,157500
395,-19082,Core staff,F,74250
530,-12506,Accountants,F,76500
250,-10264,High skill tech staff,F,270000
743,-21426,"",F,90000
218,-18682,"",F,255150
672,-18813,Laborers,F,198000
441,-21041,"",F,144000
239,-7489,Private service staff,F,112500
692,-21316,"",F,112500
939,-14555,Managers,M,225000
147,-10321,"",M,225000
489,-21155,Drivers,M,180000
502,-23187,"",M,115290
365,-20953,Accountants,F,292500
67,-12411,Managers,F,126000
624,-11706,Drivers,M,270000
616,-11706,Drivers,M,270000
451,-22061,"",F,112500
836,-12328,Sales staff,F,135000
308,-9657,Managers,F,135000
66,-16670,Security staff,M,360000
353,-17573,Managers,F,270000
371,-12333,Accountants,F,270000
45,-20502,Drivers,M,112500
168,-20874,Drivers,M,112500
735,-19305,Laborers,F,238500
185,-9927,Drivers,M,157500
278,-12859,Drivers,M,157500
446,-16099,Laborers,F,193500
350,-17573,Managers,F,270000
196,-18926,Laborers,M,166500
597,-19702,"",F,157500
967,-11131,Core staff,F,90000
183,-10628,Managers,F,270000
413,-14562,Core staff,F,202500
722,-12277,High skill tech staff,F,144000
420,-14781,Laborers,M,180000
407,-15970,Cleaning staff,F,144000
496,-14867,Drivers,M,180000
234,-10997,Core staff,F,202500
164,-22319,"",F,112500
139,-13642,High skill tech staff,F,157500
25,-10968,"",F,112500
947,-15144,Managers,M,427500
125,-15519,Laborers,F,297000
658,-15527,Sales staff,F,202500
565,-23480,"",F,76500
442,-21041,"",F,144000
88,-15519,Laborers,F,297000
102,-15519,Laborers,F,297000
562,-14835,Drivers,M,360000
705,-17383,Core staff,F,144000
508,-23187,"",M,115290
346,-17573,Managers,F,270000
729,-19056,Drivers,M,135000
676,-20302,"",F,157500
424,-14781,Laborers,M,180000
232,-10997,Core staff,F,202500
599,-19702,"",F,157500
269,-12197,Managers,M,765000
90,-15519,Laborers,F,297000
382,-14667,Managers,F,225000
188,-18926,Laborers,M,166500
417,-10266,Managers,M,337500
415,-10266,Managers,M,337500
499,-14867,Drivers,M,180000
744,-21426,"",F,90000
91,-15519,Laborers,F,297000
698,-14374,Sales staff,F,45000
345,-18325,Laborers,M,229500
40,-20502,Drivers,M,112500
463,-20140,"",F,135000
764,-10166,"",M,225000
647,-13590,"",F,157500
450,-22061,"",F,112500
669,-18813,Laborers,F,198000
354,-20953,Accountants,F,292500
989,-19958,Laborers,M,360000
734,-19305,Laborers,F,238500
733,-19305,Laborers,F,238500
930,-10276,Drivers,M,360000
979,-12752,Accountants,F,99000
845,-13557,"",F,315000
808,-11644,Managers,F,157500
326,-19575,Sales staff,F,180000
217,-18682,"",F,255150
693,-21316,"",F,112500
348,-17573,Managers,F,270000
11,-16872,Accountants,M,270000
445,-16099,Laborers,F,193500
978,-12752,Accountants,F,99000
455,-20140,"",F,135000
280,-12859,Drivers,M,157500
394,-19082,Core staff,F,74250
546,-19304,Core staff,F,90000
957,-21635,"",F,157500
540,-13923,Drivers,M,234000
163,-22319,"",F,112500
580,-17274,Laborers,F,202500
556,-8182,Cooking staff,M,108000
199,-18926,Laborers,M,166500
356,-20953,Accountants,F,292500
251,-10264,High skill tech staff,F,270000
208,-15444,"",F,216000
518,-14718,Managers,F,450000
36,-20502,Drivers,M,112500
573,-9489,"",F,90000
913,-10435,Core staff,M,166500
682,-15153,Laborers,M,180000
237,-8861,Drivers,M,202500
419,-10266,Managers,M,337500
954,-21635,"",F,157500
177,-16582,Cleaning staff,F,270000
613,-16196,Laborers,M,135000
949,-15499,Core staff,F,157500
864,-14906,Core staff,M,445500
514,-9430,Sales staff,M,135000
129,-15519,Laborers,F,297000
757,-18650,"",F,135000
590,-17274,Laborers,F,202500
912,-10435,Core staff,M,166500
132,-15519,Laborers,F,297000
943,-14555,Managers,M,225000
571,-9489,"",F,90000
759,-18650,"",F,135000
26,-10968,"",F,112500
380,-14667,Managers,F,225000
159,-16027,"",M,157500
688,-17074,Accountants,F,315000
793,-12999,Managers,M,1350000
983,-12752,Accountants,F,99000
335,-12915,Sales staff,F,157500
774,-21688,"",F,90000
30,-11842,Managers,M,405000
210,-19861,Laborers,F,270000
905,-14883,Cooking staff,F,99000
714,-12872,Sales staff,F,112500
19,-17778,Laborers,M,135000
306,-21673,"",M,382500
799,-12999,Managers,M,1350000
121,-15519,Laborers,F,297000
107,-15519,Laborers,F,297000
454,-20140,"",F,135000
51,-15761,Laborers,F,135000
786,-21688,"",F,90000
148,-10321,"",M,225000
996,-19958,Laborers,M,360000
282,-15321,Security staff,M,360000
448,-22061,"",F,112500
697,-11682,Sales staff,F,90000
958,-21635,"",F,157500
467,-20991,Laborers,M,267750
932,-10276,Drivers,M,360000
14,-17778,Laborers,M,135000
70,-12411,Managers,F,126000
2,-12005,"",M,427500
65,-16670,Security staff,M,360000
649,-13590,"",F,157500
421,-14781,Laborers,M,180000
351,-17573,Managers,F,270000
414,-21091,"",F,40500
219,-18682,"",F,255150
124,-15519,Laborers,F,297000
997,-19958,Laborers,M,360000
405,-9957,Drivers,M,135000
602,-13241,"",F,180000
803,-20863,"",F,139500
310,-18289,"",M,225000
472,-20991,Laborers,M,267750
520,-14718,Managers,F,450000
841,-13557,"",F,315000
828,-19341,Managers,F,270000
680,-15153,Laborers,M,180000
138,-13642,High skill tech staff,F,157500
548,-19304,Core staff,F,90000
391,-10611,Drivers,M,157500
823,-13178,Laborers,M,292500
738,-9890,Laborers,F,112500
81,-17016,Core staff,F,247500
578,-14435,Drivers,M,81000
655,-15527,Sales staff,F,202500
531,-12506,Accountants,F,76500
701,-8488,"",F,225000
615,-11706,Drivers,M,270000
140,-13642,High skill tech staff,F,157500
242,-10450,Sales staff,M,315000
77,-20186,"",F,315000
810,-11102,Sales staff,F,135000
189,-18926,Laborers,M,166500
438,-15140,Cleaning staff,F,130500
16,-17778,Laborers,M,135000
323,-19575,Sales staff,F,180000
566,-23480,"",F,76500
59,-15761,Laborers,F,135000
87,-15519,Laborers,F,297000
620,-11706,Drivers,M,270000
241,-10450,Sales staff,M,315000
719,-12277,High skill tech staff,F,144000
897,-11813,Sales staff,F,202500
293,-15737,"",F,157500
86,-15519,Laborers,F,297000
12,-16872,Accountants,M,270000
772,-15805,Core staff,F,135000
184,-9927,Drivers,M,157500
607,-12130,Cooking staff,F,135000
636,-16888,Core staff,F,157500
977,-19120,Drivers,M,202500
718,-12277,High skill tech staff,F,144000
84,-15519,Laborers,F,297000
286,-15737,"",F,157500
192,-18926,Laborers,M,166500
468,-20991,Laborers,M,267750
262,-20531,Drivers,M,90000
408,-15970,Cleaning staff,F,144000
792,-23299,"",F,153000
42,-20502,Drivers,M,112500
322,-19575,Sales staff,F,180000
357,-20953,Accountants,F,292500
945,-15144,Managers,M,427500
821,-9887,Sales staff,F,135000
903,-14883,Cooking staff,F,99000
621,-11706,Drivers,M,270000
246,-10450,Sales staff,M,315000
814,-9380,"",M,180000
487,-21155,Drivers,M,180000
910,-15759,Sales staff,F,112500
4,-19110,Sales staff,F,270000
342,-18325,Laborers,M,229500
392,-10611,Drivers,M,157500
629,-16100,Core staff,F,202500
884,-11813,Sales staff,F,202500
603,-13241,"",F,180000
460,-20140,"",F,135000
248,-10450,Sales staff,M,315000
987,-19958,Laborers,M,360000
294,-15737,"",F,157500
319,-19575,Sales staff,F,180000
668,-18813,Laborers,F,198000
720,-12277,High skill tech staff,F,144000
277,-12859,Drivers,M,157500
984,-19958,Laborers,M,360000
398,-14201,"",F,135000
307,-21673,"",M,382500
120,-15519,Laborers,F,297000
18,-17778,Laborers,M,135000
598,-19702,"",F,157500
231,-17641,Core staff,F,148500
582,-17274,Laborers,F,202500
921,-12636,Laborers,M,202500
135,-15519,Laborers,F,297000
337,-22877,"",F,144000
360,-20953,Accountants,F,292500
656,-15527,Sales staff,F,202500
723,-12277,High skill tech staff,F,144000
480,-10750,High skill tech staff,M,252000
592,-19702,"",F,157500
637,-16888,Core staff,F,157500
511,-11281,Core staff,F,225000
505,-23187,"",M,115290
600,-19702,"",F,157500
324,-19575,Sales staff,F,180000
32,-11842,Managers,M,405000
521,-14718,Managers,F,450000
713,-12872,Sales staff,F,112500
951,-9839,Laborers,F,144000
583,-17274,Laborers,F,202500
61,-15761,Laborers,F,135000
276,-13271,Managers,F,315000
528,-11042,Core staff,M,279000
842,-13557,"",F,315000
898,-11813,Sales staff,F,202500
270,-12197,Managers,M,765000
858,-14118,Laborers,M,135000
131,-15519,Laborers,F,297000
862,-14118,Laborers,M,135000
537,-20604,Security staff,M,202500
5,-19110,Sales staff,F,270000
585,-17274,Laborers,F,202500
201,-15444,"",F,216000
717,-12277,High skill tech staff,F,144000
755,-18650,"",F,135000
167,-22319,"",F,112500
238,-8861,Drivers,M,202500
247,-10450,Sales staff,M,315000
366,-20953,Accountants,F,292500
471,-20991,Laborers,M,267750
770,-19191,"",F,126000
78,-17016,Core staff,F,247500
604,-13241,"",F,180000
994,-19958,Laborers,M,360000
158,-16027,"",M,157500
58,-15761,Laborers,F,135000
871,-22002,"",F,198000
513,-9430,Sales staff,M,135000
143,-15484,Drivers,M,135000
920,-12636,Laborers,M,202500
128,-15519,Laborers,F,297000
370,-12333,Accountants,F,270000
465,-20140,"",F,135000
646,-13590,"",F,157500
281,-12859,Drivers,M,157500
516,-9430,Sales staff,M,135000
581,-17274,Laborers,F,202500
964,-13172,Managers,M,270000
263,-14730,Laborers,M,202500
60,-15761,Laborers,F,135000
648,-13590,"",F,157500
919,-13120,Medicine staff,F,135000
256,-10064,Laborers,F,112500
753,-18650,"",F,135000
104,-15519,Laborers,F,297000
213,-14450,Laborers,F,225000
49,-15761,Laborers,F,135000
681,-15153,Laborers,M,180000
687,-17074,Accountants,F,315000
481,-10750,High skill tech staff,M,252000
53,-15761,Laborers,F,135000
287,-15737,"",F,157500
849,-9087,Laborers,M,270000
724,-17367,"",M,225000
567,-23480,"",F,76500
418,-10266,Managers,M,337500
596,-19702,"",F,157500
575,-13855,"",F,270000
927,-10084,Sales staff,F,99000
563,-19940,"",F,135000
435,-15140,Cleaning staff,F,130500
156,-17785,Laborers,F,135000
92,-15519,Laborers,F,297000
664,-18813,Laborers,F,198000
902,-14883,Cooking staff,F,99000
412,-14562,Core staff,F,202500
834,-14657,Core staff,F,99000
376,-14667,Managers,F,225000
108,-15519,Laborers,F,297000
389,-10611,Drivers,M,157500
305,-21673,"",M,382500
453,-20140,"",F,135000
630,-16100,Core staff,F,202500
754,-18650,"",F,135000
399,-14201,"",F,135000
33,-11842,Managers,M,405000
606,-12130,Cooking staff,F,135000
934,-10276,Drivers,M,360000
985,-19958,Laborers,M,360000
601,-13241,"",F,180000
347,-17573,Managers,F,270000
6,-19110,Sales staff,F,270000
320,-19575,Sales staff,F,180000
532,-12506,Accountants,F,76500
212,-14450,Laborers,F,225000
946,-15144,Managers,M,427500
917,-10435,Core staff,M,166500
22,-10031,Laborers,F,157500
867,-22002,"",F,198000
926,-10084,Sales staff,F,99000
274,-13679,Accountants,F,270000
406,-15970,Cleaning staff,F,144000
667,-18813,Laborers,F,198000
700,-8488,"",F,225000
490,-21155,Drivers,M,180000
52,-15761,Laborers,F,135000
796,-12999,Managers,M,1350000
477,-16203,Managers,F,139500
638,-12463,Laborers,M,180000
290,-15737,"",F,157500
28,-12689,Laborers,M,270000
854,-14118,Laborers,M,135000
783,-21688,"",F,90000
538,-10331,Core staff,F,67500
317,-15825,Managers,M,315000
475,-16203,Managers,F,139500
909,-15759,Sales staff,F,112500
204,-15444,"",F,216000
110,-15519,Laborers,F,297000
853,-14118,Laborers,M,135000
832,-14657,Core staff,F,99000
826,-19341,Managers,F,270000
473,-20991,Laborers,M,267750
17,-17778,Laborers,M,135000
812,-9380,"",M,180000
497,-14867,Drivers,M,180000
860,-14118,Laborers,M,135000
388,-14667,Managers,F,225000
304,-21673,"",M,382500
673,-20302,"",F,157500
767,-19191,"",F,126000
991,-19958,Laborers,M,360000
169,-20874,Drivers,M,112500
806,-11644,Managers,F,157500
752,-14689,Low-skill Laborers,M,117000
29,-12689,Laborers,M,270000
534,-12506,Accountants,F,76500
726,-17367,"",M,225000
119,-15519,Laborers,F,297000
974,-19120,Drivers,M,202500
303,-21673,"",M,382500
561,-14835,Drivers,M,360000
881,-15435,"",F,382500
971,-19120,Drivers,M,202500
999,-10710,Sales staff,F,157500
297,-15737,"",F,157500
478,-18674,Security staff,M,67500
874,-22002,"",F,198000
190,-18926,Laborers,M,166500
549,-19304,Core staff,F,90000
811,-9380,"",M,180000
114,-15519,Laborers,F,297000
74,-12411,Managers,F,126000
202,-15444,"",F,216000
206,-15444,"",F,216000
848,-9087,Laborers,M,270000
162,-22319,"",F,112500
866,-22002,"",F,198000
875,-22002,"",F,198000
899,-14883,Cooking staff,F,99000
923,-15901,Security staff,M,180000
369,-12333,Accountants,F,270000
316,-15825,Managers,M,315000
526,-11042,Core staff,M,279000
876,-22002,"",F,198000
301,-21673,"",M,382500
400,-9957,Drivers,M,135000
275,-13271,Managers,F,315000
149,-17785,Laborers,F,135000
817,-19316,"",F,225000
769,-19191,"",F,126000
593,-19702,"",F,157500
181,-16582,Cleaning staff,F,270000
228,-17641,Core staff,F,148500
151,-17785,Laborers,F,135000
240,-22331,"",F,94500
973,-19120,Drivers,M,202500
695,-11682,Sales staff,F,90000
54,-15761,Laborers,F,135000
554,-19569,Security staff,F,81000
71,-12411,Managers,F,126000
57,-15761,Laborers,F,135000
710,-13455,Sales staff,F,315000
396,-19082,Core staff,F,74250
907,-15759,Sales staff,F,112500
506,-23187,"",M,115290
756,-18650,"",F,135000
390,-10611,Drivers,M,157500
458,-20140,"",F,135000
633,-16888,Core staff,F,157500
952,-21635,"",F,157500
524,-11042,Core staff,M,279000
368,-20953,Accountants,F,292500
766,-19191,"",F,126000
127,-15519,Laborers,F,297000
918,-13120,Medicine staff,F,135000
344,-18325,Laborers,M,229500
21,-10669,Accountants,F,130500
488,-21155,Drivers,M,180000
960,-21635,"",F,157500
704,-17383,Core staff,F,144000
182,-10628,Managers,F,270000
809,-11102,Sales staff,F,135000
510,-11281,Core staff,F,225000
829,-19341,Managers,F,270000
541,-13923,Drivers,M,234000
965,-11992,Private service staff,F,157500
8,-22464,"",F,283500
300,-21673,"",M,382500
289,-15737,"",F,157500
981,-12752,Accountants,F,99000
784,-21688,"",F,90000
745,-21426,"",F,90000
663,-18813,Laborers,F,198000
283,-15321,Security staff,M,360000
260,-20531,Drivers,M,90000
696,-11682,Sales staff,F,90000
1000,-10710,Sales staff,F,157500
273,-13679,Accountants,F,270000
777,-21688,"",F,90000
13,-16872,Accountants,M,270000
200,-15444,"",F,216000
325,-19575,Sales staff,F,180000
69,-12411,Managers,F,126000
106,-15519,Laborers,F,297000
820,-9887,Sales staff,F,135000
363,-20953,Accountants,F,292500
266,-14730,Laborers,M,202500
619,-11706,Drivers,M,270000
865,-14906,Core staff,M,445500
112,-15519,Laborers,F,297000
758,-18650,"",F,135000
402,-9957,Drivers,M,135000
850,-9087,Laborers,M,270000
560,-8657,Laborers,M,198000
551,-19304,Core staff,F,90000
145,-10321,"",M,225000
41,-20502,Drivers,M,112500
426,-14781,Laborers,M,180000
220,-18682,"",F,255150
982,-12752,Accountants,F,99000
628,-16100,Core staff,F,202500
433,-15140,Cleaning staff,F,130500
893,-11813,Sales staff,F,202500
383,-14667,Managers,F,225000
780,-21688,"",F,90000
896,-11813,Sales staff,F,202500
627,-16100,Core staff,F,202500
993,-19958,Laborers,M,360000
787,-21688,"",F,90000
423,-14781,Laborers,M,180000
150,-17785,Laborers,F,135000
944,-15144,Managers,M,427500
892,-11813,Sales staff,F,202500
789,-23299,"",F,153000
675,-20302,"",F,157500
555,-8182,Cooking staff,M,108000
207,-15444,"",F,216000
364,-20953,Accountants,F,292500
93,-15519,Laborers,F,297000
268,-12197,Managers,M,765000
197,-18926,Laborers,M,166500
462,-20140,"",F,135000
522,-11042,Core staff,M,279000
741,-10049,Drivers,M,144000
659,-18813,Laborers,F,198000
872,-22002,"",F,198000
343,-18325,Laborers,M,229500
321,-19575,Sales staff,F,180000
976,-19120,Drivers,M,202500
558,-19944,"",M,99000
626,-16100,Core staff,F,202500
298,-15737,"",F,157500
252,-10264,High skill tech staff,F,270000
459,-20140,"",F,135000
362,-20953,Accountants,F,292500
146,-10321,"",M,225000
387,-14667,Managers,F,225000
339,-18325,Laborers,M,229500
750,-14689,Low-skill Laborers,M,117000
765,-19191,"",F,126000
328,-19575,Sales staff,F,180000
852,-14118,Laborers,M,135000
428,-15140,Cleaning staff,F,130500
609,-9736,"",F,135000
535,-12506,Accountants,F,76500
152,-17785,Laborers,F,135000
10,-22464,"",F,283500
708,-17383,Core staff,F,144000
172,-20874,Drivers,M,112500
401,-9957,Drivers,M,135000
948,-15144,Managers,M,427500
653,-13590,"",F,157500
154,-17785,Laborers,F,135000
355,-20953,Accountants,F,292500
227,-17641,Core staff,F,148500
484,-10750,High skill tech staff,M,252000
641,-12463,Laborers,M,180000
98,-15519,Laborers,F,297000
466,-20991,Laborers,M,267750
99,-15519,Laborers,F,297000
674,-20302,"",F,157500
552,-19304,Core staff,F,90000
82,-15519,Laborers,F,297000
890,-11813,Sales staff,F,202500
547,-19304,Core staff,F,90000
482,-10750,High skill tech staff,M,252000
632,-16888,Core staff,F,157500
397,-14201,"",F,135000
605,-13241,"",F,180000
795,-12999,Managers,M,1350000
47,-15761,Laborers,F,135000
922,-17932,Sales staff,F,81000
975,-19120,Drivers,M,202500
670,-18813,Laborers,F,198000
611,-9736,"",F,135000
639,-12463,Laborers,M,180000
386,-14667,Managers,F,225000
393,-10611,Drivers,M,157500
702,-23532,"",F,112500
494,-19063,Managers,F,900000
209,-15444,"",F,216000
483,-10750,High skill tech staff,M,252000
768,-19191,"",F,126000
612,-16196,Laborers,M,135000
689,-17074,Accountants,F,315000
959,-21635,"",F,157500
924,-15901,Security staff,M,180000
643,-11998,Laborers,M,112500
116,-15519,Laborers,F,297000
449,-22061,"",F,112500
255,-14122,Drivers,M,180000
223,-14326,Core staff,F,157500
859,-14118,Laborers,M,135000
625,-11706,Drivers,M,270000
509,-23187,"",M,115290
374,-12333,Accountants,F,270000
493,-19063,Managers,F,900000
525,-11042,Core staff,M,279000
341,-18325,Laborers,M,229500
457,-20140,"",F,135000
515,-9430,Sales staff,M,135000
844,-13557,"",F,315000
261,-20531,Drivers,M,90000
171,-20874,Drivers,M,112500
992,-19958,Laborers,M,360000
315,-15825,Managers,M,315000
425,-14781,Laborers,M,180000
55,-15761,Laborers,F,135000
1,-12005,"",M,427500
815,-9380,"",M,180000
914,-10435,Core staff,M,166500
916,-10435,Core staff,M,166500
187,-18926,Laborers,M,166500
760,-18650,"",F,135000
856,-14118,Laborers,M,135000
221,-18682,"",F,255150
452,-20140,"",F,135000
956,-21635,"",F,157500
631,-16888,Core staff,F,157500
331,-12915,Sales staff,F,157500
870,-22002,"",F,198000
504,-23187,"",M,115290
312,-15825,Managers,M,315000
618,-11706,Drivers,M,270000
782,-21688,"",F,90000
259,-20531,Drivers,M,90000
485,-10750,High skill tech staff,M,252000
942,-14555,Managers,M,225000
779,-21688,"",F,90000
7,-19110,Sales staff,F,270000
610,-9736,"",F,135000
938,-10276,Drivers,M,360000
730,-19056,Drivers,M,135000
800,-20863,"",F,139500
707,-17383,Core staff,F,144000
327,-19575,Sales staff,F,180000
80,-17016,Core staff,F,247500
936,-10276,Drivers,M,360000
233,-10997,Core staff,F,202500
495,-14867,Drivers,M,180000
791,-23299,"",F,153000
773,-21688,"",F,90000
498,-14867,Drivers,M,180000
377,-14667,Managers,F,225000
740,-10049,Drivers,M,144000
230,-17641,Core staff,F,148500
249,-10450,Sales staff,M,315000
835,-14657,Core staff,F,99000
329,-19575,Sales staff,F,180000
961,-21635,"",F,157500
847,-9087,Laborers,M,270000
564,-19940,"",F,135000
15,-17778,Laborers,M,135000
763,-10166,"",M,225000
802,-20863,"",F,139500
822,-9887,Sales staff,F,135000
543,-13923,Drivers,M,234000
995,-19958,Laborers,M,360000
666,-18813,Laborers,F,198000
545,-19304,Core staff,F,90000
313,-15825,Managers,M,315000
134,-15519,Laborers,F,297000
536,-20604,Security staff,M,202500
214,-10554,Accountants,F,315000
176,-16582,Cleaning staff,F,270000
198,-18926,Laborers,M,166500
894,-11813,Sales staff,F,202500
205,-15444,"",F,216000
68,-12411,Managers,F,126000
142,-15484,Drivers,M,135000
737,-9890,Laborers,F,112500
161,-22319,"",F,112500
115,-15519,Laborers,F,297000
3,-21474,Security staff,M,112500
660,-18813,Laborers,F,198000
888,-11813,Sales staff,F,202500
330,-19575,Sales staff,F,180000
75,-12411,Managers,F,126000
634,-16888,Core staff,F,157500
725,-17367,"",M,225000
966,-11992,Private service staff,F,157500
877,-15435,"",F,382500
333,-12915,Sales staff,F,157500
373,-12333,Accountants,F,270000
179,-16582,Cleaning staff,F,270000
644,-13590,"",F,157500
594,-19702,"",F,157500
739,-9890,Laborers,F,112500
334,-12915,Sales staff,F,157500
48,-15761,Laborers,F,135000
503,-23187,"",M,115290
243,-10450,Sales staff,M,315000
998,-10710,Sales staff,F,157500
24,-10031,Laborers,F,157500
986,-19958,Laborers,M,360000
358,-20953,Accountants,F,292500
861,-14118,Laborers,M,135000
963,-13172,Managers,M,270000
550,-19304,Core staff,F,90000
529,-11042,Core staff,M,279000
703,-23532,"",F,112500
771,-15805,Core staff,F,135000
56,-15761,Laborers,F,135000
340,-18325,Laborers,M,229500
359,-20953,Accountants,F,292500
461,-20140,"",F,135000
486,-10750,High skill tech staff,M,252000
118,-15519,Laborers,F,297000
706,-17383,Core staff,F,144000
245,-10450,Sales staff,M,315000
775,-21688,"",F,90000
194,-18926,Laborers,M,166500
589,-17274,Laborers,F,202500
292,-15737,"",F,157500
584,-17274,Laborers,F,202500
818,-19316,"",F,225000
533,-12506,Accountants,F,76500
645,-13590,"",F,157500
736,-19305,Laborers,F,238500
178,-16582,Cleaning staff,F,270000
691,-21316,"",F,112500
683,-15153,Laborers,M,180000
39,-20502,Drivers,M,112500
491,-19692,Laborers,F,135000
747,-8489,"",M,202500
586,-17274,Laborers,F,202500
284,-8842,High skill tech staff,F,112500
367,-20953,Accountants,F,292500
253,-17726,Core staff,F,450000
444,-16099,Laborers,F,193500
572,-9489,"",F,90000
440,-15140,Cleaning staff,F,130500
988,-19958,Laborers,M,360000
577,-14435,Drivers,M,81000
840,-13557,"",F,315000
778,-21688,"",F,90000
100,-15519,Laborers,F,297000
507,-23187,"",M,115290
94,-15519,Laborers,F,297000
479,-18674,Security staff,M,67500
309,-9657,Managers,F,135000
617,-11706,Drivers,M,270000
805,-11644,Managers,F,157500
904,-14883,Cooking staff,F,99000
539,-10331,Core staff,F,67500
403,-9957,Drivers,M,135000
31,-11842,Managers,M,405000
623,-11706,Drivers,M,270000
62,-15761,Laborers,F,135000
851,-9087,Laborers,M,270000
63,-16212,Core staff,F,211500
85,-15519,Laborers,F,297000
236,-10997,Core staff,F,202500
908,-15759,Sales staff,F,112500
781,-21688,"",F,90000
126,-15519,Laborers,F,297000
272,-13679,Accountants,F,270000
690,-21316,"",F,112500
595,-19702,"",F,157500
429,-15140,Cleaning staff,F,130500
732,-19305,Laborers,F,238500
38,-20502,Drivers,M,112500
73,-12411,Managers,F,126000
878,-15435,"",F,382500
291,-15737,"",F,157500
715,-12277,High skill tech staff,F,144000
170,-20874,Drivers,M,112500
23,-10031,Laborers,F,157500
130,-15519,Laborers,F,297000
869,-22002,"",F,198000
295,-15737,"",F,157500
544,-13923,Drivers,M,234000
635,-16888,Core staff,F,157500
642,-11998,Laborers,M,112500
101,-15519,Laborers,F,297000
830,-14657,Core staff,F,99000
437,-15140,Cleaning staff,F,130500
193,-18926,Laborers,M,166500
361,-20953,Accountants,F,292500
174,-20874,Drivers,M,112500
20,-10669,Accountants,F,130500
436,-15140,Cleaning staff,F,130500
235,-10997,Core staff,F,202500
679,-15153,Laborers,M,180000
160,-16027,"",M,157500
570,-9489,"",F,90000
816,-9380,"",M,180000
27,-10968,"",F,112500
928,-10084,Sales staff,F,99000
173,-20874,Drivers,M,112500
885,-11813,Sales staff,F,202500
427,-15140,Cleaning staff,F,130500
933,-10276,Drivers,M,360000
762,-10166,"",M,225000
542,-13923,Drivers,M,234000
804,-20863,"",F,139500
940,-14555,Managers,M,225000
439,-15140,Cleaning staff,F,130500
318,-15825,Managers,M,315000
523,-11042,Core staff,M,279000
711,-13455,Sales staff,F,315000
338,-18325,Laborers,M,229500
271,-12197,Managers,M,765000
35,-11842,Managers,M,405000
827,-19341,Managers,F,270000
44,-20502,Drivers,M,112500
950,-15499,Core staff,F,157500
846,-9087,Laborers,M,270000
887,-11813,Sales staff,F,202500
794,-12999,Managers,M,1350000
694,-21316,"",F,112500
203,-15444,"",F,216000
43,-20502,Drivers,M,112500
824,-13178,Laborers,M,292500
980,-12752,Accountants,F,99000
381,-14667,Managers,F,225000
678,-15153,Laborers,M,180000
901,-14883,Cooking staff,F,99000
727,-19056,Drivers,M,135000
587,-17274,Laborers,F,202500
385,-14667,Managers,F,225000
111,-15519,Laborers,F,297000
559,-8657,Laborers,M,198000
686,-15153,Laborers,M,180000
925,-12282,Managers,M,225000
731,-19305,Laborers,F,238500
953,-21635,"",F,157500
72,-12411,Managers,F,126000
166,-22319,"",F,112500
311,-18289,"",M,225000
500,-14867,Drivers,M,180000
677,-15153,Laborers,M,180000
265,-14730,Laborers,M,202500
411,-14562,Core staff,F,202500
372,-12333,Accountants,F,270000
790,-23299,"",F,153000
661,-18813,Laborers,F,198000
117,-15519,Laborers,F,297000
761,-10166,"",M,225000
501,-14867,Drivers,M,180000
650,-13590,"",F,157500
430,-15140,Cleaning staff,F,130500
422,-14781,Laborers,M,180000
226,-17641,Core staff,F,148500
873,-22002,"",F,198000
716,-12277,High skill tech staff,F,144000
123,-15519,Laborers,F,297000
285,-15737,"",F,157500
797,-12999,Managers,M,1350000
868,-22002,"",F,198000
229,-17641,Core staff,F,148500
144,-15484,Drivers,M,135000
349,-17573,Managers,F,270000
512,-11281,Core staff,F,225000
34,-11842,Managers,M,405000
384,-14667,Managers,F,225000
216,-10554,Accountants,F,315000
685,-15153,Laborers,M,180000
410,-14562,Core staff,F,202500
264,-14730,Laborers,M,202500
113,-15519,Laborers,F,297000
837,-12328,Sales staff,F,135000
50,-15761,Laborers,F,135000
434,-15140,Cleaning staff,F,130500
588,-17274,Laborers,F,202500
314,-15825,Managers,M,315000
798,-12999,Managers,M,1350000
109,-15519,Laborers,F,297000
591,-19702,"",F,157500
46,-20502,Drivers,M,112500
863,-14118,Laborers,M,135000
831,-14657,Core staff,F,99000
935,-10276,Drivers,M,360000
64,-16212,Core staff,F,211500
712,-12872,Sales staff,F,112500
665,-18813,Laborers,F,198000
288,-15737,"",F,157500
83,-15519,Laborers,F,297000
807,-11644,Managers,F,157500
721,-12277,High skill tech staff,F,144000
9,-22464,"",F,283500
224,-14326,Core staff,F,157500
929,-10276,Drivers,M,360000
990,-19958,Laborers,M,360000
557,-19944,"",M,99000
819,-9887,Sales staff,F,135000
76,-12411,Managers,F,126000
569,-23480,"",F,76500
825,-13178,Laborers,M,292500
456,-20140,"",F,135000
492,-19692,Laborers,F,135000
299,-15737,"",F,157500
728,-19056,Drivers,M,135000
96,-15519,Laborers,F,297000
175,-16582,Cleaning staff,F,270000
855,-14118,Laborers,M,135000
838,-13557,"",F,315000
257,-10064,Laborers,F,112500
654,-15455,Laborers,M,216000
470,-20991,Laborers,M,267750
443,-16099,Laborers,F,193500
614,-16196,Laborers,M,135000
911,-10435,Core staff,M,166500
900,-14883,Cooking staff,F,99000
211,-19861,Laborers,F,270000
136,-13642,High skill tech staff,F,157500
137,-13642,High skill tech staff,F,157500
464,-20140,"",F,135000
155,-17785,Laborers,F,135000
843,-13557,"",F,315000
749,-14689,Low-skill Laborers,M,117000
969,-11131,Core staff,F,90000
889,-11813,Sales staff,F,202500
352,-17573,Managers,F,270000
476,-16203,Managers,F,139500
671,-18813,Laborers,F,198000
776,-21688,"",F,90000
891,-11813,Sales staff,F,202500
568,-23480,"",F,76500
215,-10554,Accountants,F,315000
788,-23299,"",F,153000
662,-18813,Laborers,F,198000
195,-18926,Laborers,M,166500
105,-15519,Laborers,F,297000
883,-15435,"",F,382500
416,-10266,Managers,M,337500
254,-17726,Core staff,F,450000
742,-21426,"",F,90000
906,-15759,Sales staff,F,112500
375,-14667,Managers,F,225000
222,-18682,"",F,255150
